station,date,run_hour_utc,lead_label,hrrr_tmax_f,obs_tmax_f,error_f
KATL,2026-04-17,12,12z (~6h lead),88.0003247070313,90.0,-1.9996752929687034
KAUS,2026-04-17,12,12z (~6h lead),86.08782470703129,89.0,-2.912175292968712
KBOS,2026-04-17,12,12z (~6h lead),61.20532958984379,57.0,4.205329589843792
KDCA,2026-04-17,12,12z (~6h lead),82.3753247070313,81.0,1.3753247070312966
KDFW,2026-04-17,12,12z (~6h lead),83.5003247070313,82.0,1.5003247070312966
KHOU,2026-04-17,12,12z (~6h lead),84.75485351562504,85.0,-0.24514648437495623
KJFK,2026-04-17,12,12z (~6h lead),77.11133544921879,81.0,-3.8886645507812148
KLAS,2026-04-17,12,12z (~6h lead),65.38782470703129,69.0,-3.6121752929687148
KLAX,2026-04-17,12,12z (~6h lead),69.88782470703129,73.0,-3.1121752929687148
KMIA,2026-04-17,12,12z (~6h lead),83.5238354492188,85.0,-1.4761645507812062
KMSP,2026-04-17,12,12z (~6h lead),69.50901611328129,67.0,2.509016113281291
KMSY,2026-04-17,12,12z (~6h lead),85.52532470703129,83.0,2.525324707031288
KOKC,2026-04-17,12,12z (~6h lead),80.25485351562504,77.0,3.2548535156250438
KORD,2026-04-17,12,12z (~6h lead),81.58782470703129,82.0,-0.4121752929687119
KPHL,2026-04-17,12,12z (~6h lead),79.33782470703129,83.0,-3.662175292968712
KPHX,2026-04-17,12,12z (~6h lead),83.95032470703129,87.0,-3.0496752929687148
KSAT,2026-04-17,12,12z (~6h lead),90.02532470703129,91.0,-0.9746752929687119
KSEA,2026-04-17,12,12z (~6h lead),50.76282470703129,56.0,-5.237175292968708
KSFO,2026-04-17,12,12z (~6h lead),58.862824707031294,70.0,-11.137175292968706
KATL,2026-04-17,18,18z (~2-3h lead),87.09312866210942,90.0,-2.9068713378905784
KAUS,2026-04-17,18,18z (~2-3h lead),85.51812866210942,89.0,-3.4818713378905812
KBOS,2026-04-17,18,18z (~2-3h lead),58.405628662109415,57.0,1.4056286621094145
KDCA,2026-04-17,18,18z (~2-3h lead),80.94441040039067,81.0,-0.05558959960933407
KDFW,2026-04-17,18,18z (~2-3h lead),82.59362304687504,82.0,0.5936230468750381
KHOU,2026-04-17,18,18z (~2-3h lead),82.74441040039066,85.0,-2.255589599609337
KJFK,2026-04-17,18,18z (~2-3h lead),76.61392944335941,81.0,-4.38607055664059
KLAS,2026-04-17,18,18z (~2-3h lead),69.21276977539067,69.0,0.21276977539066877
KLAX,2026-04-17,18,18z (~2-3h lead),70.55562866210941,73.0,-2.444371337890587
KMIA,2026-04-17,18,18z (~2-3h lead),83.64441040039067,85.0,-1.3555895996093312
KMSP,2026-04-17,18,18z (~2-3h lead),45.73191040039067,67.0,-21.268089599609333
KMSY,2026-04-17,18,18z (~2-3h lead),84.50562866210942,83.0,1.505628662109416
KOKC,2026-04-17,18,18z (~2-3h lead),76.85612304687504,77.0,-0.14387695312495907
KORD,2026-04-17,18,18z (~2-3h lead),83.05274169921879,82.0,1.0527416992187852
KPHL,2026-04-17,18,18z (~2-3h lead),81.13062866210942,83.0,-1.869371337890584
KPHX,2026-04-17,18,18z (~2-3h lead),84.39362304687504,87.0,-2.6063769531249648
KSAT,2026-04-17,18,18z (~2-3h lead),87.09312866210942,91.0,-3.9068713378905784
KSEA,2026-04-17,18,18z (~2-3h lead),52.45274169921879,56.0,-3.547258300781209
KSFO,2026-04-17,18,18z (~2-3h lead),61.11524169921879,70.0,-8.884758300781208
KATL,2026-04-18,12,12z (~6h lead),86.36242797851567,84.0,2.3624279785156688
KAUS,2026-04-18,12,12z (~6h lead),71.83460205078129,74.0,-2.1653979492187148
KBOS,2026-04-18,12,12z (~6h lead),47.95900390625004,51.0,-3.0409960937499605
KDCA,2026-04-18,12,12z (~6h lead),83.32492797851566,81.0,2.3249279785156602
KDFW,2026-04-18,12,12z (~6h lead),57.67492797851567,75.0,-17.32507202148433
KHOU,2026-04-18,12,12z (~6h lead),84.58516967773441,85.0,-0.4148303222655869
KJFK,2026-04-18,12,12z (~6h lead),65.4809887695313,66.0,-0.5190112304687062
KLAS,2026-04-18,12,12z (~6h lead),74.88742797851566,77.0,-2.1125720214843398
KLAX,2026-04-18,12,12z (~6h lead),75.26848876953129,76.0,-0.7315112304687119
KMIA,2026-04-18,12,12z (~6h lead),84.50980346679691,86.0,-1.4901965332030898
KMSP,2026-04-18,12,12z (~6h lead),43.724927978515666,46.0,-2.275072021484334
KMSY,2026-04-18,12,12z (~6h lead),86.81242797851567,86.0,0.8124279785156716
KOKC,2026-04-18,12,12z (~6h lead),60.82492797851567,63.0,-2.1750720214843327
KORD,2026-04-18,12,12z (~6h lead),46.89766967773441,63.0,-16.102330322265587
KPHL,2026-04-18,12,12z (~6h lead),74.03098876953129,78.0,-3.969011230468709
KPHX,2026-04-18,12,12z (~6h lead),89.06242797851567,91.0,-1.9375720214843284
KSAT,2026-04-18,12,12z (~6h lead),73.12066162109379,74.0,-0.8793383789062119
KSEA,2026-04-18,12,12z (~6h lead),60.71242797851566,68.0,-7.287572021484337
KSFO,2026-04-18,12,12z (~6h lead),58.46242797851566,72.0,-13.537572021484337
KATL,2026-04-18,18,18z (~2-3h lead),84.29760253906254,84.0,0.2976025390625381
KAUS,2026-04-18,18,18z (~2-3h lead),62.57406127929691,74.0,-11.425938720703087
KBOS,2026-04-18,18,18z (~2-3h lead),46.93656127929692,51.0,-4.063438720703083
KDCA,2026-04-18,18,18z (~2-3h lead),81.93510253906254,81.0,0.9351025390625409
KDFW,2026-04-18,18,18z (~2-3h lead),60.922596435546915,75.0,-14.077403564453085
KHOU,2026-04-18,18,18z (~2-3h lead),83.38656127929691,85.0,-1.613438720703087
KJFK,2026-04-18,18,18z (~2-3h lead),64.26156127929691,66.0,-1.738438720703087
KLAS,2026-04-18,18,18z (~2-3h lead),78.13509643554691,77.0,1.135096435546913
KLAX,2026-04-18,18,18z (~2-3h lead),75.73656127929692,76.0,-0.2634387207030784
KMIA,2026-04-18,18,18z (~2-3h lead),83.45500610351567,86.0,-2.5449938964843284
KMSP,2026-04-18,18,18z (~2-3h lead),44.93457763671879,46.0,-1.0654223632812077
KMSY,2026-04-18,18,18z (~2-3h lead),85.6595776367188,86.0,-0.34042236328120623
KOKC,2026-04-18,18,18z (~2-3h lead),63.59760253906254,63.0,0.5976025390625423
KORD,2026-04-18,18,18z (~2-3h lead),48.13000610351567,63.0,-14.869993896484331
KPHL,2026-04-18,18,18z (~2-3h lead),74.72406127929692,78.0,-3.2759387207030812
KPHX,2026-04-18,18,18z (~2-3h lead),89.94759643554691,91.0,-1.052403564453087
KSAT,2026-04-18,18,18z (~2-3h lead),61.111561279296915,74.0,-12.888438720703085
KSEA,2026-04-18,18,18z (~2-3h lead),62.047596435546915,68.0,-5.9524035644530855
KSFO,2026-04-18,18,18z (~2-3h lead),61.92207763671879,72.0,-10.07792236328121
KATL,2026-04-19,12,12z (~6h lead),65.0465893554688,69.0,-3.9534106445312034
KAUS,2026-04-19,12,12z (~6h lead),72.9215893554688,72.0,0.9215893554687966
KBOS,2026-04-19,12,12z (~6h lead),50.315296630859415,52.0,-1.6847033691405855
KDCA,2026-04-19,12,12z (~6h lead),57.95908935546879,66.0,-8.040910644531209
KDFW,2026-04-19,12,12z (~6h lead),70.33408935546879,72.0,-1.665910644531209
KHOU,2026-04-19,12,12z (~6h lead),67.74658935546879,70.0,-2.2534106445312148
KJFK,2026-04-19,12,12z (~6h lead),50.50398681640629,53.0,-2.4960131835937105
KLAS,2026-04-19,12,12z (~6h lead),82.70908935546879,84.0,-1.290910644531209
KLAX,2026-04-19,12,12z (~6h lead),67.07158935546879,72.0,-4.928410644531212
KMIA,2026-04-19,12,12z (~6h lead),85.30076416015629,88.0,-2.699235839843709
KMSP,2026-04-19,12,12z (~6h lead),45.24658935546879,47.0,-1.7534106445312077
KMSY,2026-04-19,12,12z (~6h lead),69.5465893554688,74.0,-4.453410644531203
KOKC,2026-04-19,12,12z (~6h lead),69.6590893554688,71.0,-1.3409106445312062
KORD,2026-04-19,12,12z (~6h lead),50.20076416015629,51.0,-0.7992358398437105
KPHL,2026-04-19,12,12z (~6h lead),54.16078613281254,57.0,-2.8392138671874605
KPHX,2026-04-19,12,12z (~6h lead),94.18408935546879,97.0,-2.8159106445312148
KSAT,2026-04-19,12,12z (~6h lead),61.34029663085941,65.0,-3.659703369140587
KSEA,2026-04-19,12,12z (~6h lead),67.18408935546879,74.0,-6.815910644531215
KSFO,2026-04-19,12,12z (~6h lead),60.20908935546879,73.0,-12.790910644531209
KATL,2026-04-19,18,18z (~2-3h lead),64.9701245117188,69.0,-4.029875488281206
KAUS,2026-04-19,18,18z (~2-3h lead),73.63262451171879,72.0,1.632624511718788
KBOS,2026-04-19,18,18z (~2-3h lead),47.865125732421916,52.0,-4.134874267578084
KDCA,2026-04-19,18,18z (~2-3h lead),57.645374755859415,66.0,-8.354625244140585
KDFW,2026-04-19,18,18z (~2-3h lead),71.82037475585942,72.0,-0.17962524414058123
KHOU,2026-04-19,18,18z (~2-3h lead),69.24512451171879,70.0,-0.7548754882812148
KJFK,2026-04-19,18,18z (~2-3h lead),47.19512451171879,53.0,-5.804875488281212
KLAS,2026-04-19,18,18z (~2-3h lead),87.46842163085941,84.0,3.4684216308594102
KLAX,2026-04-19,18,18z (~2-3h lead),69.69012573242192,72.0,-2.3098742675780812
KMIA,2026-04-19,18,18z (~2-3h lead),85.32762573242192,88.0,-2.6723742675780784
KMSP,2026-04-19,18,18z (~2-3h lead),46.407624511718794,47.0,-0.5923754882812062
KMSY,2026-04-19,18,18z (~2-3h lead),68.68092163085942,74.0,-5.319078369140584
KOKC,2026-04-19,18,18z (~2-3h lead),72.27037475585942,71.0,1.2703747558594216
KORD,2026-04-19,18,18z (~2-3h lead),49.88287475585942,51.0,-1.1171252441405812
KPHL,2026-04-19,18,18z (~2-3h lead),51.58262451171879,57.0,-5.417375488281209
KPHX,2026-04-19,18,18z (~2-3h lead),95.3451245117188,97.0,-1.6548754882812062
KSAT,2026-04-19,18,18z (~2-3h lead),63.50262573242192,65.0,-1.4973742675780812
KSEA,2026-04-19,18,18z (~2-3h lead),69.4701245117188,74.0,-4.529875488281206
KSFO,2026-04-19,18,18z (~2-3h lead),61.368421630859416,73.0,-11.631578369140584
KATL,2026-04-20,12,12z (~6h lead),74.16068237304691,77.0,-2.8393176269530898
KAUS,2026-04-20,12,12z (~6h lead),57.960682373046915,62.0,-4.0393176269530855
KBOS,2026-04-20,12,12z (~6h lead),46.373182373046916,53.0,-6.626817626953084
KDCA,2026-04-20,12,12z (~6h lead),55.03568237304692,57.0,-1.9643176269530827
KDFW,2026-04-20,12,12z (~6h lead),75.06068237304692,72.0,3.060682373046916
KHOU,2026-04-20,12,12z (~6h lead),74.61068237304691,73.0,1.610682373046913
KJFK,2026-04-20,12,12z (~6h lead),49.45462768554692,51.0,-1.5453723144530827
KLAS,2026-04-20,12,12z (~6h lead),89.23568237304691,90.0,-0.7643176269530869
KLAX,2026-04-20,12,12z (~6h lead),67.29818237304691,70.0,-2.701817626953087
KMIA,2026-04-20,12,12z (~6h lead),85.00506713867192,86.0,-0.9949328613280812
KMSP,2026-04-20,12,12z (~6h lead),58.523182373046915,64.0,-5.4768176269530855
KMSY,2026-04-20,12,12z (~6h lead),77.19818237304692,75.0,2.1981823730469188
KOKC,2026-04-20,12,12z (~6h lead),73.48568237304691,74.0,-0.5143176269530869
KORD,2026-04-20,12,12z (~6h lead),54.248182373046916,57.0,-2.751817626953084
KPHL,2026-04-20,12,12z (~6h lead),50.57100341796879,55.0,-4.4289965820312105
KPHX,2026-04-20,12,12z (~6h lead),92.61068237304691,96.0,-3.389317626953087
KSAT,2026-04-20,12,12z (~6h lead),56.430067138671916,60.0,-3.569932861328084
KSEA,2026-04-20,12,12z (~6h lead),69.77318237304692,72.0,-2.2268176269530784
KSFO,2026-04-20,12,12z (~6h lead),60.14212768554692,66.0,-5.857872314453083
KATL,2026-04-20,18,18z (~2-3h lead),74.19012573242192,77.0,-2.8098742675780812
KAUS,2026-04-20,18,18z (~2-3h lead),60.532911376953166,62.0,-1.467088623046834
KBOS,2026-04-20,18,18z (~2-3h lead),49.08548706054692,53.0,-3.9145129394530827
KDCA,2026-04-20,18,18z (~2-3h lead),55.80631835937504,57.0,-1.193681640624959
KDFW,2026-04-20,18,18z (~2-3h lead),72.90631835937504,72.0,0.9063183593750352
KHOU,2026-04-20,18,18z (~2-3h lead),73.91881835937504,73.0,0.9188183593750381
KJFK,2026-04-20,18,18z (~2-3h lead),50.43548706054692,51.0,-0.5645129394530812
KLAS,2026-04-20,18,18z (~2-3h lead),89.22041137695317,90.0,-0.7795886230468341
KLAX,2026-04-20,18,18z (~2-3h lead),68.09798706054691,70.0,-1.902012939453087
KMIA,2026-04-20,18,18z (~2-3h lead),82.27298706054691,86.0,-3.7270129394530898
KMSP,2026-04-20,18,18z (~2-3h lead),63.57041137695317,64.0,-0.42958862304683265
KMSY,2026-04-20,18,18z (~2-3h lead),76.21512573242191,75.0,1.2151257324219102
KOKC,2026-04-20,18,18z (~2-3h lead),72.33947875976567,74.0,-1.6605212402343312
KORD,2026-04-20,18,18z (~2-3h lead),56.02697875976567,57.0,-0.9730212402343312
KPHL,2026-04-20,18,18z (~2-3h lead),53.66881835937504,55.0,-1.331181640624962
KPHX,2026-04-20,18,18z (~2-3h lead),94.16447875976567,96.0,-1.8355212402343284
KSAT,2026-04-20,18,18z (~2-3h lead),58.28488891601567,60.0,-1.7151110839843327
KSEA,2026-04-20,18,18z (~2-3h lead),71.33291137695316,72.0,-0.6670886230468369
KSFO,2026-04-20,18,18z (~2-3h lead),62.443818359375044,66.0,-3.5561816406249562
KATL,2026-04-21,12,12z (~6h lead),78.77790649414067,79.0,-0.22209350585933407
KAUS,2026-04-21,12,12z (~6h lead),61.22790649414067,64.0,-2.7720935058593312
KBOS,2026-04-21,12,12z (~6h lead),44.931776123046916,45.0,-0.06822387695308407
KDCA,2026-04-21,12,12z (~6h lead),61.22790649414067,62.0,-0.7720935058593312
KDFW,2026-04-21,12,12z (~6h lead),63.25290649414067,63.0,0.25290649414066735
KHOU,2026-04-21,12,12z (~6h lead),69.34466064453129,68.0,1.344660644531288
KJFK,2026-04-21,12,12z (~6h lead),53.91540649414067,54.0,-0.08459350585933123
KLAS,2026-04-21,12,12z (~6h lead),85.86540649414067,87.0,-1.1345935058593284
KLAX,2026-04-21,12,12z (~6h lead),67.88177612304692,70.0,-2.1182238769530812
KMIA,2026-04-21,12,12z (~6h lead),75.74040649414067,80.0,-4.259593505859328
KMSP,2026-04-21,12,12z (~6h lead),74.61540649414067,78.0,-3.3845935058593284
KMSY,2026-04-21,12,12z (~6h lead),81.81540649414066,80.0,1.8154064941406602
KOKC,2026-04-21,12,12z (~6h lead),66.64427612304692,64.0,2.6442761230469216
KORD,2026-04-21,12,12z (~6h lead),77.99040649414067,76.0,1.9904064941406716
KPHL,2026-04-21,12,12z (~6h lead),57.402906494140666,58.0,-0.5970935058593341
KPHX,2026-04-21,12,12z (~6h lead),91.94040649414066,96.0,-4.05959350585934
KSAT,2026-04-21,12,12z (~6h lead),65.50290649414066,66.0,-0.49709350585933976
KSEA,2026-04-21,12,12z (~6h lead),58.75290649414067,60.0,-1.2470935058593327
KSFO,2026-04-21,12,12z (~6h lead),58.769276123046915,63.0,-4.2307238769530855
KATL,2026-04-21,18,18z (~2-3h lead),78.42650878906254,79.0,-0.5734912109374619
KAUS,2026-04-21,18,18z (~2-3h lead),63.197095947265666,64.0,-0.8029040527343341
KBOS,2026-04-21,18,18z (~2-3h lead),43.777113037109416,45.0,-1.222886962890584
KDCA,2026-04-21,18,18z (~2-3h lead),62.634595947265666,62.0,0.6345959472656659
KDFW,2026-04-21,18,18z (~2-3h lead),62.69254882812504,63.0,-0.3074511718749591
KHOU,2026-04-21,18,18z (~2-3h lead),66.9158032226563,68.0,-1.0841967773437062
KJFK,2026-04-21,18,18z (~2-3h lead),53.679859619140665,54.0,-0.3201403808593355
KLAS,2026-04-21,18,18z (~2-3h lead),85.96400878906255,87.0,-1.0359912109374534
KLAX,2026-04-21,18,18z (~2-3h lead),65.67209594726566,70.0,-4.32790405273434
KMIA,2026-04-21,18,18z (~2-3h lead),76.85485961914067,80.0,-3.1451403808593312
KMSP,2026-04-21,18,18z (~2-3h lead),75.95150878906254,78.0,-2.0484912109374562
KMSY,2026-04-21,18,18z (~2-3h lead),81.80485961914067,80.0,1.8048596191406716
KOKC,2026-04-21,18,18z (~2-3h lead),63.87830322265629,64.0,-0.12169677734370765
KORD,2026-04-21,18,18z (~2-3h lead),77.86400878906254,76.0,1.864008789062538
KPHL,2026-04-21,18,18z (~2-3h lead),56.94235961914067,58.0,-1.0576403808593327
KPHX,2026-04-21,18,18z (~2-3h lead),93.83900878906255,96.0,-2.1609912109374534
KSAT,2026-04-21,18,18z (~2-3h lead),63.91461303710942,66.0,-2.0853869628905812
KSEA,2026-04-21,18,18z (~2-3h lead),60.31400878906254,60.0,0.3140087890625409
KSFO,2026-04-21,18,18z (~2-3h lead),59.302113037109415,63.0,-3.6978869628905855
KATL,2026-04-22,12,12z (~6h lead),82.50622680664067,83.0,-0.49377319335933123
KAUS,2026-04-22,12,12z (~6h lead),75.08512695312504,85.0,-9.914873046874959
KBOS,2026-04-22,12,12z (~6h lead),46.520948486328166,47.0,-0.4790515136718341
KDCA,2026-04-22,12,12z (~6h lead),77.79594848632817,76.0,1.7959484863281716
KDFW,2026-04-22,12,12z (~6h lead),73.85844848632817,78.0,-4.141551513671828
KHOU,2026-04-22,12,12z (~6h lead),76.42935913085941,82.0,-5.57064086914059
KJFK,2026-04-22,12,12z (~6h lead),57.43344848632817,56.0,1.4334484863281673
KLAS,2026-04-22,12,12z (~6h lead),76.55844848632816,77.0,-0.44155151367183976
KLAX,2026-04-22,12,12z (~6h lead),65.19594848632816,67.0,-1.804051513671837
KMIA,2026-04-22,12,12z (~6h lead),77.55622680664067,81.0,-3.443773193359334
KMSP,2026-04-22,12,12z (~6h lead),81.84594848632817,86.0,-4.154051513671831
KMSY,2026-04-22,12,12z (~6h lead),83.08344848632817,82.0,1.083448486328166
KOKC,2026-04-22,12,12z (~6h lead),63.50844848632816,68.0,-4.491551513671837
KORD,2026-04-22,12,12z (~6h lead),70.38034179687504,68.0,2.3803417968750438
KPHL,2026-04-22,12,12z (~6h lead),67.78344848632817,66.0,1.7834484863281688
KPHX,2026-04-22,12,12z (~6h lead),87.02094848632817,90.0,-2.979051513671834
KSAT,2026-04-22,12,12z (~6h lead),73.84372680664066,85.0,-11.15627319335934
KSEA,2026-04-22,12,12z (~6h lead),52.59594848632817,52.0,0.5959484863281688
KSFO,2026-04-22,12,12z (~6h lead),58.22094848632817,65.0,-6.779051513671831
KATL,2026-04-22,18,18z (~2-3h lead),82.08001220703129,83.0,-0.9199877929687119
KAUS,2026-04-22,18,18z (~2-3h lead),78.82970703125004,85.0,-6.170292968749962
KBOS,2026-04-22,18,18z (~2-3h lead),47.18249023437504,47.0,0.18249023437503809
KDCA,2026-04-22,18,18z (~2-3h lead),76.00501220703129,76.0,0.005012207031285243
KDFW,2026-04-22,18,18z (~2-3h lead),75.3759350585938,78.0,-2.6240649414062034
KHOU,2026-04-22,18,18z (~2-3h lead),78.90749023437505,82.0,-3.0925097656249534
KJFK,2026-04-22,18,18z (~2-3h lead),53.74220703125004,56.0,-2.2577929687499605
KLAS,2026-04-22,18,18z (~2-3h lead),77.9175122070313,77.0,0.9175122070312938
KLAX,2026-04-22,18,18z (~2-3h lead),65.86452148437505,67.0,-1.1354785156249534
KMIA,2026-04-22,18,18z (~2-3h lead),77.2425122070313,81.0,-3.7574877929687034
KMSP,2026-04-22,18,18z (~2-3h lead),84.11720703125005,86.0,-1.8827929687499534
KMSY,2026-04-22,18,18z (~2-3h lead),83.09251220703129,82.0,1.092512207031291
KOKC,2026-04-22,18,18z (~2-3h lead),66.9384350585938,68.0,-1.0615649414062034
KORD,2026-04-22,18,18z (~2-3h lead),70.36452148437505,68.0,2.3645214843750466
KPHL,2026-04-22,18,18z (~2-3h lead),62.62970703125004,66.0,-3.3702929687499577
KPHX,2026-04-22,18,18z (~2-3h lead),86.59220703125004,90.0,-3.407792968749959
KSAT,2026-04-22,18,18z (~2-3h lead),78.94220703125004,85.0,-6.057792968749965
KSEA,2026-04-22,18,18z (~2-3h lead),52.18895996093754,52.0,0.18895996093753809
KSFO,2026-04-22,18,18z (~2-3h lead),57.792207031250044,65.0,-7.207792968749956
KATL,2026-04-23,12,12z (~6h lead),82.29001586914066,83.0,-0.7099841308593398
KAUS,2026-04-23,12,12z (~6h lead),78.12751586914067,83.0,-4.872484130859334
KBOS,2026-04-23,12,12z (~6h lead),63.26894653320316,66.0,-2.731053466796837
KDCA,2026-04-23,12,12z (~6h lead),82.74001586914066,84.0,-1.259984130859337
KDFW,2026-04-23,12,12z (~6h lead),77.56501586914067,79.0,-1.434984130859334
KHOU,2026-04-23,12,12z (~6h lead),82.74001586914066,83.0,-0.2599841308593369
KJFK,2026-04-23,12,12z (~6h lead),73.40251586914067,73.0,0.4025158691406716
KLAS,2026-04-23,12,12z (~6h lead),75.42751586914066,77.0,-1.572484130859337
KLAX,2026-04-23,12,12z (~6h lead),71.14394653320316,72.0,-0.8560534667968369
KMIA,2026-04-23,12,12z (~6h lead),78.72011840820316,79.0,-0.2798815917968369
KMSP,2026-04-23,12,12z (~6h lead),75.31501586914067,73.0,2.315015869140666
KMSY,2026-04-23,12,12z (~6h lead),83.86501586914066,82.0,1.865015869140663
KOKC,2026-04-23,12,12z (~6h lead),83.52751586914067,82.0,1.5275158691406716
KORD,2026-04-23,12,12z (~6h lead),81.72751586914066,82.0,-0.27248413085933976
KPHL,2026-04-23,12,12z (~6h lead),77.22751586914066,79.0,-1.7724841308593398
KPHX,2026-04-23,12,12z (~6h lead),85.44001586914067,87.0,-1.559984130859334
KSAT,2026-04-23,12,12z (~6h lead),74.64001586914067,82.0,-7.359984130859331
KSEA,2026-04-23,12,12z (~6h lead),52.815015869140666,58.0,-5.184984130859334
KSFO,2026-04-23,12,12z (~6h lead),59.22751586914067,68.0,-8.772484130859333
KATL,2026-04-23,18,18z (~2-3h lead),81.81837280273442,83.0,-1.181627197265584
KAUS,2026-04-23,18,18z (~2-3h lead),81.64660156250004,83.0,-1.353398437499962
KBOS,2026-04-23,18,18z (~2-3h lead),64.17119873046879,66.0,-1.828801269531212
KDCA,2026-04-23,18,18z (~2-3h lead),83.29510009765629,84.0,-0.7048999023437119
KDFW,2026-04-23,18,18z (~2-3h lead),79.39660156250004,79.0,0.3966015625000381
KHOU,2026-04-23,18,18z (~2-3h lead),82.28369873046879,83.0,-0.7163012695312148
KJFK,2026-04-23,18,18z (~2-3h lead),73.28260009765629,73.0,0.28260009765628524
KLAS,2026-04-23,18,18z (~2-3h lead),77.48410156250004,77.0,0.48410156250004377
KLAX,2026-04-23,18,18z (~2-3h lead),72.81837280273442,72.0,0.8183728027344159
KMIA,2026-04-23,18,18z (~2-3h lead),76.25978515625005,79.0,-2.7402148437499534
KMSP,2026-04-23,18,18z (~2-3h lead),71.7076000976563,73.0,-1.2923999023437034
KMSY,2026-04-23,18,18z (~2-3h lead),82.9586987304688,82.0,0.9586987304687966
KOKC,2026-04-23,18,18z (~2-3h lead),83.34728515625004,82.0,1.347285156250038
KORD,2026-04-23,18,18z (~2-3h lead),81.77228515625004,82.0,-0.22771484374996476
KPHL,2026-04-23,18,18z (~2-3h lead),77.8951000976563,79.0,-1.1048999023437034
KPHX,2026-04-23,18,18z (~2-3h lead),85.03478515625004,87.0,-1.965214843749962
KSAT,2026-04-23,18,18z (~2-3h lead),81.53410156250004,82.0,-0.4658984374999591
KSEA,2026-04-23,18,18z (~2-3h lead),56.222425537109416,58.0,-1.777574462890584
KSFO,2026-04-23,18,18z (~2-3h lead),60.50978515625004,68.0,-7.4902148437499605
KATL,2026-04-24,12,12z (~6h lead),82.46667602539067,84.0,-1.5333239746093312
KAUS,2026-04-24,12,12z (~6h lead),86.74167602539066,90.0,-3.2583239746093398
KBOS,2026-04-24,12,12z (~6h lead),49.57690551757817,50.0,-0.42309448242183123
KDCA,2026-04-24,12,12z (~6h lead),82.94776733398442,83.0,-0.05223266601558407
KDFW,2026-04-24,12,12z (~6h lead),91.91667602539067,89.0,2.9166760253906716
KHOU,2026-04-24,12,12z (~6h lead),86.32276733398442,84.0,2.322767333984416
KJFK,2026-04-24,12,12z (~6h lead),67.53526733398442,68.0,-0.4647326660155784
KLAS,2026-04-24,12,12z (~6h lead),81.34167602539067,82.0,-0.6583239746093312
KLAX,2026-04-24,12,12z (~6h lead),71.55033081054691,74.0,-2.4496691894530898
KMIA,2026-04-24,12,12z (~6h lead),77.43230102539067,84.0,-6.567698974609328
KMSP,2026-04-24,12,12z (~6h lead),61.204176025390666,61.0,0.20417602539066593
KMSY,2026-04-24,12,12z (~6h lead),85.05417602539066,83.0,2.0541760253906602
KOKC,2026-04-24,12,12z (~6h lead),78.75417602539066,76.0,2.754176025390663
KORD,2026-04-24,12,12z (~6h lead),72.11667602539066,71.0,1.1166760253906602
KPHL,2026-04-24,12,12z (~6h lead),77.40417602539067,80.0,-2.5958239746093312
KPHX,2026-04-24,12,12z (~6h lead),87.64167602539067,90.0,-2.358323974609334
KSAT,2026-04-24,12,12z (~6h lead),83.92917602539066,89.0,-5.07082397460934
KSEA,2026-04-24,12,12z (~6h lead),55.12917602539066,63.0,-7.870823974609337
KSFO,2026-04-24,12,12z (~6h lead),56.92917602539067,63.0,-6.070823974609333
KATL,2026-04-24,18,18z (~2-3h lead),81.62446411132817,84.0,-2.375535888671834
KAUS,2026-04-24,18,18z (~2-3h lead),89.50748413085941,90.0,-0.49251586914058976
KBOS,2026-04-24,18,18z (~2-3h lead),46.34895751953129,50.0,-3.6510424804687105
KDCA,2026-04-24,18,18z (~2-3h lead),82.38801391601567,83.0,-0.6119860839843341
KDFW,2026-04-24,18,18z (~2-3h lead),90.51998413085941,89.0,1.519984130859413
KHOU,2026-04-24,18,18z (~2-3h lead),82.57395751953129,84.0,-1.426042480468709
KJFK,2026-04-24,18,18z (~2-3h lead),66.97551391601567,68.0,-1.0244860839843284
KLAS,2026-04-24,18,18z (~2-3h lead),82.19498413085941,82.0,0.19498413085941024
KLAX,2026-04-24,18,18z (~2-3h lead),73.01145751953129,74.0,-0.9885424804687091
KMIA,2026-04-24,18,18z (~2-3h lead),79.87395751953129,84.0,-4.126042480468712
KMSP,2026-04-24,18,18z (~2-3h lead),61.26998413085941,61.0,0.2699841308594131
KMSY,2026-04-24,18,18z (~2-3h lead),83.53696411132816,83.0,0.5369641113281602
KOKC,2026-04-24,18,18z (~2-3h lead),75.88696411132817,76.0,-0.11303588867183123
KORD,2026-04-24,18,18z (~2-3h lead),71.7739575195313,71.0,0.7739575195312938
KPHL,2026-04-24,18,18z (~2-3h lead),77.46196411132817,80.0,-2.5380358886718284
KPHX,2026-04-24,18,18z (~2-3h lead),88.15748413085942,90.0,-1.842515869140584
KSAT,2026-04-24,18,18z (~2-3h lead),88.28915527343754,89.0,-0.7108447265624562
KSEA,2026-04-24,18,18z (~2-3h lead),58.70165527343754,63.0,-4.298344726562462
KSFO,2026-04-24,18,18z (~2-3h lead),57.413013916015665,63.0,-5.5869860839843355
KATL,2026-04-25,12,12z (~6h lead),77.27953613281254,75.0,2.279536132812538
KAUS,2026-04-25,12,12z (~6h lead),89.29995239257816,90.0,-0.7000476074218369
KBOS,2026-04-25,12,12z (~6h lead),48.88328369140629,49.0,-0.11671630859370907
KDCA,2026-04-25,12,12z (~6h lead),63.795850830078166,63.0,0.7958508300781659
KDFW,2026-04-25,12,12z (~6h lead),90.42495239257816,88.0,2.424952392578163
KHOU,2026-04-25,12,12z (~6h lead),89.42580078125005,88.0,1.4258007812500466
KJFK,2026-04-25,12,12z (~6h lead),51.25446289062504,50.0,1.2544628906250423
KLAS,2026-04-25,12,12z (~6h lead),78.49995239257817,77.0,1.499952392578166
KLAX,2026-04-25,12,12z (~6h lead),64.11330078125005,66.0,-1.8866992187499534
KMIA,2026-04-25,12,12z (~6h lead),82.85828369140629,85.0,-2.1417163085937148
KMSP,2026-04-25,12,12z (~6h lead),61.28745239257817,57.0,4.287452392578167
KMSY,2026-04-25,12,12z (~6h lead),76.44578369140629,83.0,-6.554216308593709
KOKC,2026-04-25,12,12z (~6h lead),76.69995239257817,73.0,3.6999523925781688
KORD,2026-04-25,12,12z (~6h lead),53.749952392578166,56.0,-2.250047607421834
KPHL,2026-04-25,12,12z (~6h lead),58.11696289062504,56.0,2.1169628906250395
KPHX,2026-04-25,12,12z (~6h lead),84.79995239257816,85.0,-0.20004760742183691
KSAT,2026-04-25,12,12z (~6h lead),90.64995239257817,88.0,2.6499523925781716
KSEA,2026-04-25,12,12z (~6h lead),59.937452392578166,64.0,-4.062547607421834
KSFO,2026-04-25,12,12z (~6h lead),55.788300781250044,59.0,-3.2116992187499562
KATL,2026-04-25,18,18z (~2-3h lead),70.28338745117192,75.0,-4.716612548828081
KAUS,2026-04-25,18,18z (~2-3h lead),90.2496655273438,90.0,0.24966552734379377
KBOS,2026-04-25,18,18z (~2-3h lead),47.93318603515629,49.0,-1.0668139648437105
KDCA,2026-04-25,18,18z (~2-3h lead),62.00002563476566,63.0,-0.9999743652343369
KDFW,2026-04-25,18,18z (~2-3h lead),88.84588745117192,88.0,0.8458874511719188
KHOU,2026-04-25,18,18z (~2-3h lead),87.19568603515629,88.0,-0.8043139648437148
KJFK,2026-04-25,18,18z (~2-3h lead),43.733387451171915,50.0,-6.2666125488280855
KLAS,2026-04-25,18,18z (~2-3h lead),77.93338745117191,77.0,0.9333874511719102
KLAX,2026-04-25,18,18z (~2-3h lead),65.82502563476567,66.0,-0.17497436523433407
KMIA,2026-04-25,18,18z (~2-3h lead),83.60002563476567,85.0,-1.3999743652343284
KMSP,2026-04-25,18,18z (~2-3h lead),61.22466552734379,57.0,4.224665527343788
KMSY,2026-04-25,18,18z (~2-3h lead),80.22068603515629,83.0,-2.779313964843709
KOKC,2026-04-25,18,18z (~2-3h lead),71.81614501953129,73.0,-1.183854980468709
KORD,2026-04-25,18,18z (~2-3h lead),56.37068603515629,56.0,0.3706860351562895
KPHL,2026-04-25,18,18z (~2-3h lead),51.42502563476567,56.0,-4.574974365234333
KPHX,2026-04-25,18,18z (~2-3h lead),85.23105590820316,85.0,0.23105590820316024
KSAT,2026-04-25,18,18z (~2-3h lead),89.61855590820316,88.0,1.618555908203163
KSEA,2026-04-25,18,18z (~2-3h lead),62.91216552734379,64.0,-1.087834472656212
KSFO,2026-04-25,18,18z (~2-3h lead),55.16614501953129,59.0,-3.8338549804687077
KATL,2026-04-26,12,12z (~6h lead),82.08303344726566,84.0,-1.916966552734337
KAUS,2026-04-26,12,12z (~6h lead),87.70803344726566,88.0,-0.2919665527343369
KBOS,2026-04-26,12,12z (~6h lead),54.39583862304691,55.0,-0.6041613769530869
KDCA,2026-04-26,12,12z (~6h lead),56.88303344726567,58.0,-1.1169665527343327
KDFW,2026-04-26,12,12z (~6h lead),81.63303344726566,84.0,-2.3669665527343398
KHOU,2026-04-26,12,12z (~6h lead),84.67053344726567,86.0,-1.3294665527343312
KJFK,2026-04-26,12,12z (~6h lead),52.720533447265666,57.0,-4.279466552734334
KLAS,2026-04-26,12,12z (~6h lead),67.68303344726567,68.0,-0.3169665527343284
KLAX,2026-04-26,12,12z (~6h lead),64.42053344726567,66.0,-1.5794665527343312
KMIA,2026-04-26,12,12z (~6h lead),84.67454345703129,88.0,-3.325456542968709
KMSP,2026-04-26,12,12z (~6h lead),63.408033447265666,64.0,-0.5919665527343341
KMSY,2026-04-26,12,12z (~6h lead),81.62083862304692,84.0,-2.3791613769530784
KOKC,2026-04-26,12,12z (~6h lead),86.13303344726566,86.0,0.13303344726566024
KORD,2026-04-26,12,12z (~6h lead),61.27053344726566,60.0,1.270533447265663
KPHL,2026-04-26,12,12z (~6h lead),53.39553344726566,61.0,-7.604466552734337
KPHX,2026-04-26,12,12z (~6h lead),75.78303344726567,79.0,-3.216966552734334
KSAT,2026-04-26,12,12z (~6h lead),86.02053344726566,88.0,-1.979466552734337
KSEA,2026-04-26,12,12z (~6h lead),62.058033447265665,68.0,-5.9419665527343355
KSFO,2026-04-26,12,12z (~6h lead),57.10803344726567,62.0,-4.891966552734331
KATL,2026-04-26,18,18z (~2-3h lead),81.24708374023442,84.0,-2.752916259765584
KAUS,2026-04-26,18,18z (~2-3h lead),88.7335522460938,88.0,0.7335522460937938
KBOS,2026-04-26,18,18z (~2-3h lead),53.00958374023442,55.0,-1.9904162597655812
KDCA,2026-04-26,18,18z (~2-3h lead),55.716340332031294,58.0,-2.2836596679687062
KDFW,2026-04-26,18,18z (~2-3h lead),82.7492993164063,84.0,-1.2507006835937062
KHOU,2026-04-26,18,18z (~2-3h lead),84.3242993164063,86.0,-1.6757006835937034
KJFK,2026-04-26,18,18z (~2-3h lead),54.022083740234415,57.0,-2.9779162597655855
KLAS,2026-04-26,18,18z (~2-3h lead),71.49561889648442,68.0,3.495618896484416
KLAX,2026-04-26,18,18z (~2-3h lead),63.84929931640629,66.0,-2.150700683593712
KMIA,2026-04-26,18,18z (~2-3h lead),85.08328979492191,88.0,-2.9167102050780898
KMSP,2026-04-26,18,18z (~2-3h lead),67.2460522460938,64.0,3.2460522460937966
KMSY,2026-04-26,18,18z (~2-3h lead),83.8413403320313,84.0,-0.15865966796870623
KOKC,2026-04-26,18,18z (~2-3h lead),85.74708374023442,86.0,-0.2529162597655841
KORD,2026-04-26,18,18z (~2-3h lead),58.528840332031294,60.0,-1.4711596679687062
KPHL,2026-04-26,18,18z (~2-3h lead),54.35958374023441,61.0,-6.640416259765587
KPHX,2026-04-26,18,18z (~2-3h lead),76.5288403320313,79.0,-2.4711596679687062
KSAT,2026-04-26,18,18z (~2-3h lead),89.2960522460938,88.0,1.2960522460937938
KSEA,2026-04-26,18,18z (~2-3h lead),65.5585522460938,68.0,-2.4414477539062034
KSFO,2026-04-26,18,18z (~2-3h lead),57.66179931640629,62.0,-4.338200683593712
KATL,2026-04-27,12,12z (~6h lead),77.60368774414067,76.0,1.6036877441406716
KAUS,2026-04-27,12,12z (~6h lead),86.49118774414066,89.0,-2.5088122558593398
KBOS,2026-04-27,12,12z (~6h lead),56.910554199218794,58.0,-1.0894458007812062
KDCA,2026-04-27,12,12z (~6h lead),70.85368774414067,70.0,0.8536877441406716
KDFW,2026-04-27,12,12z (~6h lead),89.41618774414067,93.0,-3.5838122558593284
KHOU,2026-04-27,12,12z (~6h lead),83.01055419921879,88.0,-4.989445800781212
KJFK,2026-04-27,12,12z (~6h lead),66.35368774414067,68.0,-1.6463122558593284
KLAS,2026-04-27,12,12z (~6h lead),71.52868774414067,72.0,-0.47131225585933123
KLAX,2026-04-27,12,12z (~6h lead),64.89118774414067,66.0,-1.108812255859334
KMIA,2026-04-27,12,12z (~6h lead),82.44118774414066,88.0,-5.558812255859337
KMSP,2026-04-27,12,12z (~6h lead),59.041187744140665,58.0,1.0411877441406645
KMSY,2026-04-27,12,12z (~6h lead),85.59118774414067,85.0,0.5911877441406688
KOKC,2026-04-27,12,12z (~6h lead),88.40368774414067,90.0,-1.5963122558593312
KORD,2026-04-27,12,12z (~6h lead),64.7855541992188,68.0,-3.2144458007812062
KPHL,2026-04-27,12,12z (~6h lead),69.16618774414067,73.0,-3.8338122558593284
KPHX,2026-04-27,12,12z (~6h lead),79.62868774414066,83.0,-3.371312255859337
KSAT,2026-04-27,12,12z (~6h lead),88.62868774414066,89.0,-0.3713122558593369
KSEA,2026-04-27,12,12z (~6h lead),56.11618774414067,57.0,-0.8838122558593327
KSFO,2026-04-27,12,12z (~6h lead),57.578687744140666,63.0,-5.421312255859334
KATL,2026-04-27,18,18z (~2-3h lead),74.21506469726566,76.0,-1.7849353027343398
KAUS,2026-04-27,18,18z (~2-3h lead),87.56164062500004,89.0,-1.438359374999962
KBOS,2026-04-27,18,18z (~2-3h lead),55.311329345703165,58.0,-2.6886706542968355
KDCA,2026-04-27,18,18z (~2-3h lead),70.83632934570316,70.0,0.8363293457031631
KDFW,2026-04-27,18,18z (~2-3h lead),89.58664062500004,93.0,-3.4133593749999562
KHOU,2026-04-27,18,18z (~2-3h lead),88.16132934570317,88.0,0.16132934570316593
KJFK,2026-04-27,18,18z (~2-3h lead),68.02382934570316,68.0,0.023829345703163085
KLAS,2026-04-27,18,18z (~2-3h lead),72.29448974609379,72.0,0.2944897460937881
KLAX,2026-04-27,18,18z (~2-3h lead),64.49914062500004,66.0,-1.500859374999962
KMIA,2026-04-27,18,18z (~2-3h lead),85.31609008789067,88.0,-2.6839099121093284
KMSP,2026-04-27,18,18z (~2-3h lead),57.524140625000044,58.0,-0.47585937499995623
KMSY,2026-04-27,18,18z (~2-3h lead),85.46132934570316,85.0,0.4613293457031631
KOKC,2026-04-27,18,18z (~2-3h lead),89.73632934570317,90.0,-0.26367065429683123
KORD,2026-04-27,18,18z (~2-3h lead),65.28664062500005,68.0,-2.7133593749999534
KPHL,2026-04-27,18,18z (~2-3h lead),70.49882934570317,73.0,-2.5011706542968284
KPHX,2026-04-27,18,18z (~2-3h lead),81.18198974609379,83.0,-1.818010253906209
KSAT,2026-04-27,18,18z (~2-3h lead),89.73198974609379,89.0,0.7319897460937881
KSEA,2026-04-27,18,18z (~2-3h lead),58.095814208984415,57.0,1.0958142089844145
KSFO,2026-04-27,18,18z (~2-3h lead),58.240064697265666,63.0,-4.759935302734334
KATL,2026-04-28,12,12z (~6h lead),70.45153320312504,67.0,3.451533203125038
KAUS,2026-04-28,12,12z (~6h lead),84.73903320312505,91.0,-6.260966796874953
KBOS,2026-04-28,12,12z (~6h lead),49.65858886718754,52.0,-2.3414111328124605
KDCA,2026-04-28,12,12z (~6h lead),70.90488403320316,63.0,7.90488403320316
KDFW,2026-04-28,12,12z (~6h lead),88.67653320312505,85.0,3.6765332031250466
KHOU,2026-04-28,12,12z (~6h lead),89.80488403320317,88.0,1.804884033203166
KJFK,2026-04-28,12,12z (~6h lead),67.42963378906254,65.0,2.4296337890625352
KLAS,2026-04-28,12,12z (~6h lead),74.95153320312504,77.0,-2.048466796874962
KLAX,2026-04-28,12,12z (~6h lead),66.97963378906255,69.0,-2.0203662109374534
KMIA,2026-04-28,12,12z (~6h lead),83.40463378906254,86.0,-2.5953662109374562
KMSP,2026-04-28,12,12z (~6h lead),50.76403320312504,57.0,-6.235966796874962
KMSY,2026-04-28,12,12z (~6h lead),86.65488403320316,84.0,2.6548840332031602
KOKC,2026-04-28,12,12z (~6h lead),62.98225830078129,68.0,-5.0177416992187105
KORD,2026-04-28,12,12z (~6h lead),56.726533203125044,64.0,-7.273466796874956
KPHL,2026-04-28,12,12z (~6h lead),67.42963378906254,64.0,3.4296337890625352
KPHX,2026-04-28,12,12z (~6h lead),83.83903320312504,87.0,-3.160966796874959
KSAT,2026-04-28,12,12z (~6h lead),90.92653320312505,92.0,-1.0734667968749534
KSEA,2026-04-28,12,12z (~6h lead),54.70153320312504,56.0,-1.298466796874962
KSFO,2026-04-28,12,12z (~6h lead),58.75153320312504,66.0,-7.248466796874958
KATL,2026-04-28,18,18z (~2-3h lead),65.45484130859379,67.0,-1.5451586914062148
KAUS,2026-04-28,18,18z (~2-3h lead),87.34262817382816,91.0,-3.6573718261718398
KBOS,2026-04-28,18,18z (~2-3h lead),50.63455932617192,52.0,-1.3654406738280827
KDCA,2026-04-28,18,18z (~2-3h lead),66.84972045898442,63.0,3.8497204589844216
KDFW,2026-04-28,18,18z (~2-3h lead),85.52472045898442,85.0,0.5247204589844188
KHOU,2026-04-28,18,18z (~2-3h lead),89.44705932617191,88.0,1.4470593261719102
KJFK,2026-04-28,18,18z (~2-3h lead),65.48455932617192,65.0,0.48455932617191877
KLAS,2026-04-28,18,18z (~2-3h lead),77.10512817382816,77.0,0.10512817382816309
KLAX,2026-04-28,18,18z (~2-3h lead),68.18455932617192,69.0,-0.8154406738280784
KMIA,2026-04-28,18,18z (~2-3h lead),84.15955932617192,86.0,-1.840440673828084
KMSP,2026-04-28,18,18z (~2-3h lead),54.651380615234416,57.0,-2.348619384765584
KMSY,2026-04-28,18,18z (~2-3h lead),85.86222045898441,84.0,1.8622204589844102
KOKC,2026-04-28,18,18z (~2-3h lead),66.91942871093754,68.0,-1.080571289062462
KORD,2026-04-28,18,18z (~2-3h lead),60.16942871093754,64.0,-3.830571289062462
KPHL,2026-04-28,18,18z (~2-3h lead),64.43888061523441,64.0,0.43888061523441024
KPHX,2026-04-28,18,18z (~2-3h lead),85.59442871093754,87.0,-1.4055712890624648
KSAT,2026-04-28,18,18z (~2-3h lead),91.73012817382816,92.0,-0.2698718261718369
KSEA,2026-04-28,18,18z (~2-3h lead),55.055128173828166,56.0,-0.9448718261718341
KSFO,2026-04-28,18,18z (~2-3h lead),59.64972045898442,66.0,-6.350279541015581
KATL,2026-04-29,12,12z (~6h lead),77.57061889648442,83.0,-5.429381103515581
KAUS,2026-04-29,12,12z (~6h lead),82.31934936523442,80.0,2.319349365234416
KBOS,2026-04-29,12,12z (~6h lead),51.87326782226567,50.0,1.8732678222656673
KDCA,2026-04-29,12,12z (~6h lead),71.27061889648442,62.0,9.270618896484422
KDEN,2026-04-29,12,12z (~6h lead),60.35811889648441,58.0,2.358118896484413
KDFW,2026-04-29,12,12z (~6h lead),64.40811889648441,69.0,-4.59188110351559
KHOU,2026-04-29,12,12z (~6h lead),83.19561889648442,87.0,-3.8043811035155812
KJFK,2026-04-29,12,12z (~6h lead),64.14928100585942,62.0,2.1492810058594216
KLAS,2026-04-29,12,12z (~6h lead),80.38311889648442,82.0,-1.6168811035155812
KLAX,2026-04-29,12,12z (~6h lead),70.27789428710942,70.0,0.27789428710941877
KMIA,2026-04-29,12,12z (~6h lead),82.99039428710941,84.0,-1.0096057128905898
KMSP,2026-04-29,12,12z (~6h lead),50.70684936523442,55.0,-4.293150634765581
KMSY,2026-04-29,12,12z (~6h lead),87.35811889648441,86.0,1.358118896484413
KOKC,2026-04-29,12,12z (~6h lead),68.90811889648441,68.0,0.9081188964844102
KORD,2026-04-29,12,12z (~6h lead),53.969349365234415,57.0,-3.0306506347655855
KPHL,2026-04-29,12,12z (~6h lead),69.31076782226566,66.0,3.3107678222656602
KPHX,2026-04-29,12,12z (~6h lead),88.37061889648442,91.0,-2.629381103515584
KSAT,2026-04-29,12,12z (~6h lead),82.43184936523441,84.0,-1.568150634765587
KSEA,2026-04-29,12,12z (~6h lead),60.808118896484416,66.0,-5.191881103515584
KSFO,2026-04-29,12,12z (~6h lead),60.245618896484416,66.0,-5.754381103515584
KATL,2026-04-29,18,18z (~2-3h lead),81.47724731445317,83.0,-1.522752685546834
KAUS,2026-04-29,18,18z (~2-3h lead),82.94177978515629,80.0,2.9417797851562852
KBOS,2026-04-29,18,18z (~2-3h lead),48.727937011718794,50.0,-1.2720629882812062
KDCA,2026-04-29,18,18z (~2-3h lead),64.3654370117188,62.0,2.3654370117187966
KDEN,2026-04-29,18,18z (~2-3h lead),58.30224731445317,58.0,0.30224731445316877
KDFW,2026-04-29,18,18z (~2-3h lead),65.4205639648438,69.0,-3.5794360351562062
KHOU,2026-04-29,18,18z (~2-3h lead),90.47724731445317,87.0,3.477247314453166
KJFK,2026-04-29,18,18z (~2-3h lead),60.44177978515629,62.0,-1.5582202148437077
KLAS,2026-04-29,18,18z (~2-3h lead),81.7330639648438,82.0,-0.26693603515620623
KLAX,2026-04-29,18,18z (~2-3h lead),69.44177978515629,70.0,-0.5582202148437148
KMIA,2026-04-29,18,18z (~2-3h lead),82.9279370117188,84.0,-1.0720629882812034
KMSP,2026-04-29,18,18z (~2-3h lead),53.790437011718794,55.0,-1.2095629882812062
KMSY,2026-04-29,18,18z (~2-3h lead),86.3029370117188,86.0,0.3029370117187966
KOKC,2026-04-29,18,18z (~2-3h lead),69.07406738281254,68.0,1.0740673828125438
KORD,2026-04-29,18,18z (~2-3h lead),51.439747314453165,57.0,-5.5602526855468355
KPHL,2026-04-29,18,18z (~2-3h lead),64.48974731445317,66.0,-1.5102526855468312
KPHX,2026-04-29,18,18z (~2-3h lead),89.21156738281255,91.0,-1.7884326171874534
KSAT,2026-04-29,18,18z (~2-3h lead),90.22406738281254,84.0,6.224067382812535
KSEA,2026-04-29,18,18z (~2-3h lead),64.07056396484379,66.0,-1.9294360351562148
KSFO,2026-04-29,18,18z (~2-3h lead),60.09043701171879,66.0,-5.909562988281209
KATL,2026-04-30,12,12z (~6h lead),74.0569165039063,75.0,-0.9430834960937062
KAUS,2026-04-30,12,12z (~6h lead),78.21941650390629,72.0,6.219416503906288
KBOS,2026-04-30,12,12z (~6h lead),49.53191650390629,56.0,-6.468083496093712
KDCA,2026-04-30,12,12z (~6h lead),68.34506958007816,70.0,-1.6549304199218398
KDEN,2026-04-30,12,12z (~6h lead),46.550611572265666,46.0,0.5506115722656659
KDFW,2026-04-30,12,12z (~6h lead),63.03191650390629,64.0,-0.9680834960937119
KHOU,2026-04-30,12,12z (~6h lead),89.01941650390629,89.0,0.019416503906285243
KJFK,2026-04-30,12,12z (~6h lead),55.325611572265665,60.0,-4.6743884277343355
KLAS,2026-04-30,12,12z (~6h lead),82.4944165039063,84.0,-1.5055834960937062
KLAX,2026-04-30,12,12z (~6h lead),67.55756958007817,70.0,-2.442430419921834
KMIA,2026-04-30,12,12z (~6h lead),85.67006958007816,87.0,-1.329930419921837
KMSP,2026-04-30,12,12z (~6h lead),48.09506958007817,52.0,-3.9049304199218327
KMSY,2026-04-30,12,12z (~6h lead),79.73811157226567,77.0,2.738111572265666
KOKC,2026-04-30,12,12z (~6h lead),71.35691650390629,68.0,3.356916503906291
KORD,2026-04-30,12,12z (~6h lead),55.888111572265665,56.0,-0.1118884277343355
KPHL,2026-04-30,12,12z (~6h lead),62.01941650390629,66.0,-3.9805834960937077
KPHX,2026-04-30,12,12z (~6h lead),90.9319165039063,93.0,-2.0680834960937062
KSAT,2026-04-30,12,12z (~6h lead),81.59441650390629,77.0,4.594416503906288
KSEA,2026-04-30,12,12z (~6h lead),69.33191650390629,75.0,-5.668083496093715
KSFO,2026-04-30,12,12z (~6h lead),59.20691650390629,66.0,-6.793083496093708
KATL,2026-04-30,18,18z (~2-3h lead),72.92669799804692,75.0,-2.0733020019530812
KAUS,2026-04-30,18,18z (~2-3h lead),74.96867187500004,72.0,2.968671875000041
KBOS,2026-04-30,18,18z (~2-3h lead),53.06374633789066,56.0,-2.936253662109337
KDCA,2026-04-30,18,18z (~2-3h lead),68.65169799804691,70.0,-1.348302001953087
KDEN,2026-04-30,18,18z (~2-3h lead),48.08117187500004,46.0,2.081171875000038
KDFW,2026-04-30,18,18z (~2-3h lead),62.833833007812544,64.0,-1.1661669921874562
KHOU,2026-04-30,18,18z (~2-3h lead),91.15169799804691,89.0,2.151697998046913
KJFK,2026-04-30,18,18z (~2-3h lead),58.78383300781254,60.0,-1.2161669921874605
KLAS,2026-04-30,18,18z (~2-3h lead),83.63117187500004,84.0,-0.36882812499996476
KLAX,2026-04-30,18,18z (~2-3h lead),67.30169799804692,70.0,-2.6983020019530812
KMIA,2026-04-30,18,18z (~2-3h lead),84.62669799804692,87.0,-2.3733020019530784
KMSP,2026-04-30,18,18z (~2-3h lead),49.976697998046916,52.0,-2.023302001953084
KMSY,2026-04-30,18,18z (~2-3h lead),75.00124633789066,77.0,-1.998753662109337
KOKC,2026-04-30,18,18z (~2-3h lead),70.05124633789066,68.0,2.0512463378906602
KORD,2026-04-30,18,18z (~2-3h lead),49.735932617187544,56.0,-6.264067382812456
KPHL,2026-04-30,18,18z (~2-3h lead),64.03919799804692,66.0,-1.960802001953084
KPHX,2026-04-30,18,18z (~2-3h lead),91.29633300781254,93.0,-1.7036669921874648
KSAT,2026-04-30,18,18z (~2-3h lead),80.04633300781254,77.0,3.0463330078125352
KSEA,2026-04-30,18,18z (~2-3h lead),72.94367187500004,75.0,-2.0563281249999648
KSFO,2026-04-30,18,18z (~2-3h lead),59.36374633789067,66.0,-6.636253662109333
KATL,2026-05-01,12,12z (~6h lead),72.1536450195313,66.0,6.153645019531297
KAUS,2026-05-01,12,12z (~6h lead),62.120820312500044,64.0,-1.8791796874999562
KBOS,2026-05-01,12,12z (~6h lead),62.53950927734379,65.0,-2.4604907226562105
KDCA,2026-05-01,12,12z (~6h lead),68.50200927734379,67.0,1.502009277343788
KDFW,2026-05-01,12,12z (~6h lead),66.25200927734379,66.0,0.2520092773437881
KHOU,2026-05-01,12,12z (~6h lead),65.77382934570316,68.0,-2.226170654296837
KJFK,2026-05-01,12,12z (~6h lead),65.3520092773438,64.0,1.3520092773437966
KLAS,2026-05-01,12,12z (~6h lead),83.01450927734379,85.0,-1.985490722656209
KLAX,2026-05-01,12,12z (~6h lead),69.2895092773438,70.0,-0.7104907226562034
KMIA,2026-05-01,12,12z (~6h lead),88.44582031250005,87.0,1.4458203125000466
KMSP,2026-05-01,12,12z (~6h lead),51.402009277343794,55.0,-3.5979907226562062
KMSY,2026-05-01,12,12z (~6h lead),70.29563720703129,73.0,-2.704362792968709
KOKC,2026-05-01,12,12z (~6h lead),70.86450927734379,70.0,0.8645092773437852
KORD,2026-05-01,12,12z (~6h lead),48.50832031250004,50.0,-1.4916796874999605
KPHL,2026-05-01,12,12z (~6h lead),66.0270092773438,66.0,0.02700927734379377
KPHX,2026-05-01,12,12z (~6h lead),87.8520092773438,90.0,-2.1479907226562034
KSAT,2026-05-01,12,12z (~6h lead),63.02082031250004,67.0,-3.9791796874999577
KSEA,2026-05-01,12,12z (~6h lead),69.8520092773438,72.0,-2.1479907226562034
KSFO,2026-05-01,12,12z (~6h lead),58.152009277343794,63.0,-4.847990722656206
KATL,2026-05-01,18,18z (~2-3h lead),68.83494995117192,66.0,2.8349499511719216
KAUS,2026-05-01,18,18z (~2-3h lead),60.67199829101567,64.0,-3.3280017089843312
KBOS,2026-05-01,18,18z (~2-3h lead),62.838612060546915,65.0,-2.1613879394530855
KDCA,2026-05-01,18,18z (~2-3h lead),68.20949829101566,67.0,1.209498291015663
KDFW,2026-05-01,18,18z (~2-3h lead),67.03494995117191,66.0,1.0349499511719102
KHOU,2026-05-01,18,18z (~2-3h lead),62.276112060546915,68.0,-5.7238879394530855
KJFK,2026-05-01,18,18z (~2-3h lead),64.97611206054691,64.0,0.9761120605469102
KLAS,2026-05-01,18,18z (~2-3h lead),84.11632812500004,85.0,-0.8836718749999619
KLAX,2026-05-01,18,18z (~2-3h lead),68.46361206054692,70.0,-1.5363879394530784
KMIA,2026-05-01,18,18z (~2-3h lead),87.13861206054692,87.0,0.13861206054691877
KMSP,2026-05-01,18,18z (~2-3h lead),53.69699829101567,55.0,-1.3030017089843327
KMSY,2026-05-01,18,18z (~2-3h lead),66.09743164062505,73.0,-6.902568359374953
KOKC,2026-05-01,18,18z (~2-3h lead),70.90949829101567,70.0,0.9094982910156659
KORD,2026-05-01,18,18z (~2-3h lead),44.94743164062504,50.0,-5.052568359374959
KPHL,2026-05-01,18,18z (~2-3h lead),65.08861206054692,66.0,-0.9113879394530784
KPHX,2026-05-01,18,18z (~2-3h lead),89.17882812500004,90.0,-0.8211718749999619
KSAT,2026-05-01,18,18z (~2-3h lead),62.16361206054692,67.0,-4.836387939453083
KSEA,2026-05-01,18,18z (~2-3h lead),70.61632812500004,72.0,-1.383671874999962
KSFO,2026-05-01,18,18z (~2-3h lead),58.46632812500004,63.0,-4.5336718749999605
